,default payment next month,test
2308,0,0
22404,0,0
23397,0,0
25058,0,0
2664,1,0
8511,0,0
5148,1,0
7790,0,0
11311,0,0
19043,0,0
10784,0,1
22246,0,0
3268,0,0
15947,1,1
14977,0,0
14474,0,0
28694,0,0
14054,0,0
26545,0,0
14980,1,1
17636,0,0
3931,1,0
8387,0,0
8028,0,0
9482,0,0
22572,0,0
15107,0,0
3673,1,1
21388,0,0
5937,0,0
27033,0,0
29271,0,0
21880,0,0
6508,0,0
21457,1,0
20071,0,0
27012,0,0
10092,0,0
22567,1,0
12976,0,0
3813,0,0
7337,1,0
24483,1,0
19592,0,0
5121,1,0
14905,0,0
8223,0,1
2868,0,0
2342,0,0
8832,0,0
7932,1,0
16557,0,0
20604,0,0
12983,0,0
3014,0,0
27331,0,0
12124,0,0
3752,0,0
27387,0,0
12335,0,0
11544,1,0
11356,0,1
2676,0,0
28738,0,0
29995,0,0
20747,0,0
13375,0,0
17986,0,0
7885,1,0
13332,0,0
9585,0,0
6332,1,0
24429,1,0
18079,0,0
5201,0,0
747,1,0
9760,0,0
29612,1,0
19992,0,0
23189,0,0
25535,0,0
17963,1,0
25246,0,0
5081,0,0
9350,0,0
10982,0,0
23621,1,0
13235,1,0
19367,0,0
1190,0,0
821,1,0
15878,1,0
20497,1,0
9419,0,1
28100,0,0
8892,0,0
4461,1,0
25229,0,0
29985,0,0
12606,1,0
25978,0,0
19132,0,0
14740,0,0
12146,0,0
2744,0,0
10114,0,0
2383,0,0
9153,0,0
1406,0,0
16560,0,0
19361,0,0
10342,0,0
27756,0,0
17614,1,1
19906,1,1
24530,0,0
27308,0,1
17788,0,1
13075,0,0
22089,0,0
28573,0,0
20568,1,1
17890,0,0
16837,0,0
6552,1,0
19637,1,1
18294,0,0
2876,0,0
2982,0,0
17410,0,0
15162,0,0
2153,0,0
18700,1,0
7667,0,0
15243,0,0
16857,0,0
13961,0,0
217,0,1
23287,1,0
2213,0,0
6580,0,0
27602,0,0
19376,0,0
7539,0,0
14976,1,1
10128,1,0
5705,1,0
5953,1,0
538,0,0
21663,0,0
21567,0,0
28982,0,0
7427,1,0
20725,0,0
4181,0,0
18701,0,0
15414,1,0
12154,0,1
579,0,0
2168,0,0
24419,0,0
250,0,0
15692,0,0
9971,0,0
16180,0,0
11489,0,0
9144,0,0
29432,0,0
25790,0,0
5771,0,0
26746,1,1
2325,0,0
15430,0,0
430,0,0
10768,1,1
2532,0,0
2457,0,1
19186,0,0
27235,0,1
22291,0,0
11212,1,0
505,0,0
23112,0,0
18779,0,0
19082,1,0
17894,1,1
19006,0,0
19690,0,0
27093,0,0
23179,0,0
12626,0,0
3834,1,1
1330,0,0
21466,1,0
23828,0,0
2541,1,1
28612,0,0
21995,0,0
11899,0,0
25872,0,0
26225,0,0
15805,0,0
9555,0,0
7567,0,0
3507,0,0
8834,0,0
18784,0,0
29857,0,0
23587,0,0
28267,0,0
5844,0,0
26476,0,0
24198,0,0
28881,0,0
4845,1,0
4985,1,1
23399,1,0
25569,1,1
20262,0,0
20856,0,0
26822,0,0
9317,0,0
25506,0,0
14847,0,0
7842,1,0
28647,0,0
29984,0,0
13048,1,1
25099,0,0
14856,0,0
25013,0,0
10739,1,1
16094,1,0
2208,0,0
18840,1,1
28272,0,0
22372,0,0
2266,0,0
5226,0,0
28301,0,1
21578,0,0
20122,0,0
17892,0,0
20927,0,0
13022,1,0
20736,0,0
27366,0,0
11740,1,0
6547,0,0
3282,0,0
15614,0,1
23661,0,0
2276,0,0
26050,0,0
12354,0,0
16485,0,0
19535,0,0
18673,0,0
8696,0,1
22564,0,0
16379,1,1
25294,0,0
28680,0,0
24991,0,0
29669,0,0
5836,0,0
10235,0,0
22824,0,0
279,0,0
22376,0,1
25273,0,0
5160,0,0
29752,0,0
3690,0,0
5915,0,1
11578,1,0
18078,0,0
19536,1,1
26023,0,0
29719,0,0
21739,1,1
25743,1,1
20552,0,0
11702,0,0
11514,0,0
9006,1,1
11742,0,0
28261,1,1
16469,1,1
13676,0,1
20163,1,1
16785,1,1
29322,0,1
15693,0,0
17335,0,0
3735,0,0
25484,1,1
3643,1,0
7198,0,0
25365,0,0
24936,0,0
21305,0,0
29365,0,0
21523,1,0
21718,0,0
1837,1,0
29915,0,1
10984,0,0
9303,0,0
12799,0,0
1457,1,0
1092,0,0
4149,0,0
11008,0,1
27068,1,1
9189,1,0
4932,0,0
14465,0,1
4556,0,0
11488,0,0
12074,0,0
25101,0,0
16797,0,0
20070,0,0
14418,0,1
28245,1,0
25389,0,0
24996,1,1
17278,0,1
6481,0,0
8020,1,0
9100,1,0
17476,0,0
8589,0,0
29161,1,1
24515,0,0
27274,0,0
23872,0,0
29363,0,0
1503,0,0
9936,0,0
10939,0,0
20294,0,0
3949,0,0
6438,0,0
13619,1,0
14303,0,0
22093,1,0
15948,0,0
28189,0,0
13064,0,0
13250,0,0
29166,0,0
7743,1,1
26226,0,0
7755,0,1
1412,0,0
6528,1,0
1122,0,0
16333,1,0
5245,0,0
12152,1,0
19640,1,1
25207,0,0
9433,1,0
7468,1,1
29011,1,0
11031,1,0
29442,0,0
7293,0,0
12971,1,0
5346,0,0
14470,1,1
28811,0,0
15962,0,0
24274,0,0
21149,0,0
10863,0,0
17754,0,0
4484,0,0
10560,0,0
24577,0,0
20326,0,0
21716,0,0
10598,0,0
1433,0,0
5860,0,0
12426,0,0
10980,0,0
22044,0,0
27830,0,0
23077,0,0
26376,1,0
10406,0,0
23490,1,0
19566,0,0
11472,1,1
12063,0,0
8931,0,0
10968,1,1
27755,0,0
26847,0,0
1610,0,0
29236,1,0
16266,0,0
12393,0,0
26839,0,0
2767,1,0
12776,0,0
23176,0,0
216,1,0
24876,1,1
6165,0,0
3901,1,1
21231,0,0
24636,1,0
9999,0,0
14797,0,0
6087,1,0
14459,0,0
2856,0,0
18217,0,0
17041,0,0
12414,0,0
9672,0,0
516,0,0
11623,0,0
8281,0,0
20256,0,0
12078,0,1
17734,0,0
2157,0,0
28081,1,1
10726,0,0
29030,0,0
3096,0,0
22753,1,1
3108,0,0
10276,0,0
21881,0,0
6427,0,0
9252,1,0
2406,0,0
25038,0,0
14642,0,0
24743,0,0
18524,0,0
13420,0,0
3398,0,0
8943,0,0
27172,0,0
6939,0,0
27315,0,0
28314,1,0
27774,0,0
9816,0,0
16139,0,0
9418,0,0
12315,0,0
2518,0,0
29751,0,0
16601,0,0
17592,0,0
5100,0,0
9842,1,1
17187,0,0
7277,1,1
18772,1,0
10078,0,0
21770,0,0
26443,0,0
9892,1,0
6328,0,0
10045,0,0
26119,1,0
14329,0,1
26755,0,0
11846,0,0
16586,0,0
17550,1,1
21264,1,0
15091,0,0
23480,0,0
18393,1,1
22276,1,0
10399,1,0
8164,0,0
22500,0,0
10883,0,0
23086,0,0
24672,1,0
13720,1,0
17846,1,1
3382,0,0
9845,0,0
18832,0,0
19340,0,0
7339,1,1
14368,0,0
14659,0,0
428,0,0
16204,0,0
17507,1,0
624,0,0
28355,0,0
17170,0,0
1138,0,0
17663,0,0
24511,0,0
19542,0,0
4408,0,1
17120,0,0
10352,0,0
29596,0,0
9477,1,0
10299,0,0
2885,0,0
18417,0,0
7500,0,0
2683,0,0
23493,0,0
17172,0,0
22924,0,0
9898,0,0
6216,0,0
20719,0,0
7978,1,0
11405,0,0
5551,0,0
738,0,0
28717,0,0
10746,0,0
27645,0,0
7071,0,0
1710,1,0
3508,0,0
23162,0,0
29049,1,0
13804,0,0
13492,0,0
18340,0,0
12051,0,1
15955,0,0
18003,0,1
7779,0,0
9003,0,0
15746,0,0
25481,0,0
733,0,0
14198,0,0
21906,0,0
21044,0,0
15820,0,1
18842,0,0
20244,0,0
8203,0,0
28966,0,0
10586,1,1
19591,0,1
20199,0,0
18896,0,0
23628,0,0
4969,0,0
12621,0,0
8247,0,0
24382,1,0
2904,0,0
20273,0,0
12101,0,0
6069,0,0
12140,0,0
3698,1,0
29677,0,0
1912,0,0
6400,0,0
4475,0,0
23454,1,0
29217,0,0
8345,1,1
26623,0,0
26597,0,0
10038,0,0
3263,0,0
10261,0,0
16982,0,0
4977,0,0
11327,0,0
28216,0,0
20346,0,0
4229,1,0
5218,1,1
15844,0,0
19912,1,0
1427,0,1
8121,0,0
12793,0,0
10146,1,0
25767,1,0
26729,0,0
14499,0,1
10438,0,0
14563,1,0
16382,1,0
12947,1,0
16404,0,0
16383,0,0
27165,0,0
6797,0,0
11387,1,0
16953,0,1
2041,0,0
9403,0,0
14050,0,0
2907,1,0
9199,0,0
8739,0,0
14410,1,0
29287,0,0
1660,0,0
7318,0,0
11788,0,0
17306,0,0
24753,0,0
24337,0,0
27316,0,0
4981,1,0
14770,1,0
28421,0,0
26899,1,0
20086,0,0
4984,0,0
15281,0,0
26494,1,0
21581,0,0
896,1,1
1684,0,0
16497,0,1
16983,0,0
11193,0,0
9520,0,0
1487,0,0
22667,0,0
25028,0,0
9633,0,0
22323,0,0
10242,0,0
21377,0,0
15736,0,0
25681,0,0
8354,0,0
6346,0,0
13999,0,0
11990,0,0
5427,0,0
17694,0,0
24221,0,0
5640,0,0
12705,1,1
5720,0,0
22234,0,0
12463,0,0
25708,0,0
18836,1,1
17814,0,0
3483,1,0
17086,0,1
15980,0,0
27218,0,0
17816,0,0
21189,0,0
3230,1,0
2476,0,0
27719,0,0
24625,0,0
9427,0,0
15518,0,0
27758,0,0
7997,0,0
7255,0,0
644,0,0
2507,1,0
17731,0,0
10353,1,1
12738,0,0
3473,0,0
23597,0,0
27974,0,0
1227,0,0
3799,0,0
11622,1,0
10205,0,0
3658,0,0
28294,0,0
18553,1,0
22255,0,0
16011,0,0
12417,0,0
2561,0,0
20241,0,0
27942,0,0
18072,0,0
12556,1,0
16338,1,0
6562,0,0
15293,0,0
22256,1,0
173,1,0
14493,0,0
20380,1,0
25074,0,0
17599,0,0
17346,0,0
23853,0,0
2227,0,0
19995,0,0
2585,0,0
29774,1,0
26536,0,0
5742,1,1
23431,1,0
9942,0,0
17115,0,0
10814,1,0
12518,1,1
8786,0,0
10884,0,0
14538,0,0
13534,0,0
21873,0,0
4871,0,0
22356,0,0
19936,0,0
19681,0,0
11198,0,0
8156,0,1
20146,1,1
1090,0,0
11255,0,0
12526,1,0
27115,0,0
762,0,0
3410,1,0
18341,0,0
6271,1,1
7502,0,0
11941,0,0
27616,0,0
16201,0,0
7477,0,0
17697,1,1
2898,1,0
1616,1,0
22617,0,0
20236,0,1
21321,1,1
14477,0,0
27380,0,0
21266,1,1
10019,1,0
24662,0,0
8574,1,0
21506,0,0
8364,0,0
2958,0,0
26273,0,0
25180,0,0
28001,0,0
21693,0,0
26187,0,0
28017,0,0
9767,0,0
6289,0,1
23338,0,1
34,0,0
8845,0,0
24191,1,0
10803,1,1
18887,0,0
22336,0,0
15199,0,0
3482,0,0
10656,0,0
21453,0,0
2992,0,0
3703,0,0
5746,1,1
29768,0,0
550,1,0
22665,0,0
6174,1,1
3402,1,0
13517,0,0
16126,0,1
5034,1,0
24658,0,0
21163,0,0
20422,0,0
15209,0,0
6111,1,1
15230,0,0
1791,0,0
5647,1,1
10154,0,0
7912,0,0
1278,0,0
4519,0,0
24782,0,0
2848,0,0
12209,0,0
3469,0,0
5654,0,0
27912,1,0
28053,0,0
28420,0,0
19832,0,0
24713,0,0
14573,0,0
23634,0,0
423,1,1
10004,0,0
14928,0,0
18240,0,0
12340,0,0
29406,0,0
3246,0,0
14147,0,0
10575,1,1
14971,1,0
18696,0,0
2943,0,0
20842,1,0
27699,0,0
7964,0,0
11287,0,0
7923,0,0
5712,0,0
17976,0,0
8439,1,0
25046,0,0
1246,1,1
9115,0,0
12749,0,0
3847,0,0
5787,0,0
341,0,0
17828,0,0
20464,1,1
7397,1,0
8319,1,0
9103,0,0
11923,0,0
12695,0,0
4235,1,0
1078,0,0
17234,1,1
23029,0,0
2393,0,0
12618,0,0
26833,0,0
25435,1,0
1676,0,0
5500,0,0
20889,1,0
7893,0,0
8413,0,0
3580,1,0
10581,0,0
10708,0,0
9838,1,1
26662,0,0
2647,1,0
23896,0,0
20569,0,0
15049,0,0
15335,0,0
27263,1,1
20658,1,0
3964,0,0
1804,1,0
14699,0,0
22012,0,0
24001,1,0
21527,0,0
21366,0,0
23068,0,0
19138,0,0
3798,0,0
14970,0,0
6814,0,0
12376,0,0
3105,0,0
8085,0,0
26826,1,1
14759,0,0
23730,0,0
28096,1,0
27923,0,0
10572,0,0
24156,0,0
29611,1,0
19560,0,0
15001,0,0
1339,1,0
15062,1,1
7900,0,0
17959,1,1
9091,0,0
4143,1,1
21436,0,0
25687,0,0
12848,0,0
14000,0,0
17672,0,0
26728,1,0
8857,1,0
9722,0,0
27791,0,0
1972,0,0
7249,1,0
18928,1,1
10309,1,0
5198,0,0
22964,0,0
19587,1,1
6689,0,0
9132,0,0
13538,0,0
10718,0,0
18972,0,1
23423,0,0
4080,0,0
26445,1,0
14331,0,0
25916,0,0
10959,0,0
8925,1,0
1921,0,0
3208,0,0
25889,0,0
29430,0,0
8591,0,1
13118,0,0
3745,0,0
17354,0,0
13618,0,0
13762,0,0
14657,0,0
499,0,0
5199,0,0
8285,0,0
28412,0,0
10525,0,0
23796,0,0
19817,1,1
13640,1,1
6,0,0
22369,0,0
96,0,0
22367,0,0
11495,0,0
14636,0,0
21790,0,0
3585,0,0
2111,1,0
15999,0,0
26794,0,0
3694,1,1
28116,0,0
21813,0,0
18620,0,0
22199,0,0
23260,1,1
11456,0,0
9530,0,0
20221,0,0
14649,1,1
27748,1,1
27653,1,1
17066,0,0
8362,1,0
10023,0,1
3378,0,1
26348,0,0
21032,0,0
8274,0,0
11537,1,0
13316,0,0
20387,1,0
22046,0,0
12781,0,0
18903,0,0
16711,1,0
23589,0,0
14725,0,0
20958,0,0
1668,0,0
24758,0,1
4336,1,1
15543,0,0
24409,1,0
10990,0,0
12163,0,1
4410,0,0
2858,1,0
10577,1,0
25785,0,0
462,0,0
6224,0,0
9574,0,0
14983,0,0
18397,0,0
5762,0,0
18605,0,0
10772,0,0
8525,0,1
21371,0,1
24540,0,0
25627,1,0
29902,0,0
8686,0,0
4282,0,0
22835,0,0
16477,1,1
17588,0,0
7732,1,1
17597,0,0
26013,0,0
20495,0,1
7403,0,0
11887,0,0
20100,1,0
17546,1,1
2346,0,0
22577,0,0
27869,0,0
21040,0,0
12643,0,0
21285,0,1
16689,1,1
27349,0,0
14558,0,0
5436,0,0
25614,0,0
16088,1,0
28780,0,0
10533,0,1
15544,1,1
8777,0,0
18097,1,0
6425,0,0
20235,0,0
16782,1,0
25354,0,0
2974,0,0
878,0,0
4756,0,0
13977,0,0
5556,0,0
1288,1,1
23708,0,0
5871,0,0
28745,1,0
6714,0,0
13211,0,0
9315,0,0
23964,0,1
15415,0,0
345,0,0
10612,0,0
29485,1,0
23503,0,0
13707,0,0
16171,0,0
26859,0,0
9948,1,0
11974,0,0
10289,0,0
15411,0,0
2320,0,0
16995,0,1
12769,0,0
4457,0,0
21827,0,0
27347,1,0
25112,0,0
27683,1,1
10398,0,0
29429,0,0
23371,0,0
573,1,0
24937,1,0
7174,0,1
19057,1,0
17714,1,1
18655,0,1
16308,0,0
15402,0,0
21080,0,0
27102,0,0
11135,0,0
2602,1,1
4178,0,0
19677,0,0
24009,0,0
19161,0,0
22994,0,0
15981,0,0
24627,0,1
18875,0,0
9539,0,0
2819,0,0
28496,0,0
7725,0,0
24506,0,1
29508,0,0
1450,0,0
12339,0,0
20268,0,0
397,0,0
4867,0,0
4744,0,0
2240,0,0
8674,0,0
9887,0,0
9242,0,0
16143,0,0
29111,0,0
7442,0,0
6906,0,0
6522,0,0
29404,0,0
16612,1,1
14992,0,0
24360,0,0
19793,0,0
12585,0,0
21605,0,0
22796,0,0
19286,0,0
8351,0,1
92,0,0
13038,0,0
11872,0,0
17385,0,0
11733,0,0
24314,0,0
23677,0,0
16966,0,0
2730,0,1
11222,0,0
1483,0,0
24133,0,0
27253,1,0
26551,1,0
5982,1,0
13101,0,0
21110,1,0
22743,0,0
9293,0,0
6909,1,1
27272,0,0
7042,0,0
6628,0,0
27596,0,0
18367,0,0
20489,0,0
29689,0,0
11306,0,1
24178,0,0
7364,1,0
28701,0,0
26689,1,0
15956,0,0
18109,1,1
24013,1,1
351,0,0
8299,0,0
3876,0,0
11153,0,0
10300,0,0
21713,0,0
14443,0,0
16765,0,0
26930,1,0
21347,0,0
742,0,0
11352,0,0
3064,0,0
27494,0,0
23734,0,0
14510,0,1
8651,0,0
27922,1,0
25880,0,0
15547,0,0
29696,0,0
25269,0,0
18551,0,0
5210,1,0
15912,0,0
17462,0,0
1087,0,0
7132,1,0
9995,0,0
27046,0,0
29017,1,0
18837,0,0
18197,0,0
15643,0,0
4579,1,1
11378,0,0
1053,0,0
12217,0,0
18917,1,1
20777,0,0
14097,0,0
21849,0,0
19436,0,0
4580,0,0
19594,0,0
18107,0,0
23966,1,0
24870,1,0
11994,0,0
25337,0,0
6214,0,0
28061,1,1
10673,0,0
19960,1,0
4206,0,0
21343,0,0
13432,1,0
10867,0,0
26691,0,0
21741,0,0
3547,0,0
25698,0,0
1118,1,0
4706,0,0
25162,1,1
16671,0,0
626,0,0
2884,0,0
18415,0,0
25240,0,0
27175,0,0
12028,0,0
29573,0,0
10328,0,0
9202,0,0
1536,0,0
4702,1,0
20529,0,0
26117,0,0
29357,0,0
22595,0,0
447,0,0
22034,0,0
9932,1,0
20520,1,0
27303,0,0
25631,0,0
4140,0,0
20432,0,0
12528,0,0
12235,1,1
8029,0,0
11127,0,0
21914,0,0
12532,0,1
12826,0,0
13008,0,0
12642,0,0
22262,1,0
28212,0,0
9213,0,0
14053,0,0
6148,0,0
20123,0,0
3160,0,0
273,0,0
23229,0,0
16187,0,1
3318,1,1
3711,0,0
13506,0,0
12554,0,0
18834,0,0
6830,0,0
11574,0,0
3660,0,0
12519,1,1
18086,1,0
20482,0,0
15789,0,0
8757,0,0
1441,0,0
18685,0,0
4540,0,0
3383,1,1
13124,0,0
7570,0,0
10862,0,0
26040,0,0
15227,0,0
6119,1,1
18924,0,0
8891,1,0
10476,1,0
2229,0,0
1815,0,0
18336,1,0
2281,0,0
24556,1,0
19879,0,0
27002,0,0
843,1,0
15677,0,0
15392,1,0
9165,0,0
12767,1,1
15843,1,1
11142,0,0
22274,0,0
3256,1,1
3905,0,0
10387,1,0
13571,0,0
18636,0,0
20126,0,0
28185,1,0
12042,0,0
18010,1,0
7317,0,0
12321,0,0
5384,0,0
10455,0,0
22914,0,0
20303,0,0
2715,0,0
6725,1,0
344,0,0
15306,1,0
14121,0,0
963,0,0
2012,1,1
3242,1,1
4894,0,0
25997,0,0
25791,0,0
15724,0,0
11751,1,0
22809,0,0
23716,0,0
3425,0,0
27151,0,0
4589,0,0
26783,0,0
8447,1,0
15637,0,0
23740,0,0
9402,0,0
21910,0,0
5505,0,0
20399,0,0
8023,0,0
2571,0,0
2222,0,0
23130,0,0
10424,1,1
3858,0,0
4241,0,0
11863,0,0
3474,0,0
2129,0,0
14918,1,0
28357,0,0
29586,0,0
18477,0,0
7405,0,0
24491,0,0
27749,0,0
18623,0,0
4672,0,0
28967,0,0
664,0,0
12223,1,0
3979,0,0
14739,0,0
29999,1,0
11765,0,0
16483,0,0
14767,0,0
7563,0,0
10512,0,0
16937,1,1
25982,0,1
2980,0,0
7553,0,0
4391,0,0
28659,0,0
26669,0,0
11666,1,0
12367,1,1
13522,0,0
7330,0,0
4534,0,0
4720,0,0
13360,0,0
1923,0,0
2929,0,0
18593,0,0
24910,0,0
21019,0,0
5388,1,0
13328,1,0
9989,0,0
21934,0,0
16334,0,0
20685,0,0
2622,0,0
8649,1,0
20830,0,0
12698,0,0
23910,1,0
16222,1,1
16026,1,1
3706,0,0
278,0,0
7484,1,1
18571,0,0
11276,1,0
21309,0,0
6863,0,0
19706,0,0
20414,0,0
15486,0,0
20796,0,0
29478,0,0
5780,0,0
11408,0,0
11635,0,0
9407,0,0
11150,0,0
5501,1,0
852,0,0
7937,0,0
17594,0,0
14170,0,0
23842,1,0
23771,0,0
23564,1,0
10493,0,0
11073,0,0
16416,0,0
11860,0,0
11144,0,0
21830,1,0
23841,0,0
26798,0,0
17789,0,0
13664,0,0
13108,0,0
18764,0,0
9512,0,0
8824,1,0
11935,0,0
7663,0,0
16258,0,0
196,0,0
18713,0,0
28525,0,0
24664,1,0
24599,0,0
7552,0,0
323,1,0
15027,0,0
22674,0,0
312,0,0
23934,1,1
28526,0,0
22488,0,0
1555,1,0
3518,0,0
5545,0,0
23390,1,0
15668,0,0
7268,0,1
2034,0,0
29814,0,1
474,0,0
12973,0,0
26501,1,0
28181,0,0
6011,0,0
19438,0,0
27160,1,1
7691,0,0
19321,0,0
28777,0,0
775,0,0
2201,0,0
28818,1,0
7760,1,0
20383,0,0
28269,1,0
22109,0,0
11712,0,1
28057,1,1
14667,0,0
8725,1,0
3923,0,0
27874,0,0
28640,0,0
2141,0,0
15594,0,0
23104,0,0
11791,0,0
24134,0,0
15658,0,0
22344,0,0
21655,0,0
7565,0,0
12637,1,0
979,0,0
26974,1,0
14672,0,0
29745,0,0
8153,0,0
674,0,0
28546,1,1
22458,0,0
10144,0,0
14632,0,0
18039,0,1
9728,0,0
26875,0,0
25363,0,1
25495,0,0
14084,1,1
15098,0,0
22062,0,0
23593,0,0
4667,0,0
27409,0,0
9774,0,0
8487,0,1
15564,0,0
1377,0,0
7080,0,0
17481,0,0
16387,0,0
24692,0,0
8278,0,0
19402,0,0
13694,0,0
24630,0,0
19032,0,1
10574,0,0
18957,1,1
28346,0,0
99,1,0
20321,0,0
15065,0,0
8904,0,0
7708,0,0
23259,0,0
6239,0,0
3100,1,0
1426,0,0
15214,0,0
21654,0,0
29218,0,0
15763,0,1
12927,0,0
25042,0,0
21039,1,0
19352,0,0
27658,0,0
16354,0,0
1255,0,0
21126,0,0
4047,1,1
25343,0,0
3077,1,0
7231,0,0
3047,0,0
23577,0,0
26767,0,0
24848,0,0
5623,0,0
12214,0,0
13086,1,0
18362,1,0
26865,1,1
25172,0,0
6244,0,0
4125,0,0
29749,0,0
2678,0,0
8879,0,0
5006,0,0
18741,0,0
4448,1,0
29512,1,0
17601,0,0
20637,0,0
23435,0,0
6712,0,0
6267,0,0
872,0,0
17466,0,0
14801,0,0
27584,1,0
20765,0,0
24355,0,0
26725,0,0
1023,0,0
25424,0,0
24165,1,1
705,1,0
5604,1,0
16010,0,0
12287,0,0
14241,0,0
25358,0,0
14255,0,0
9620,0,0
14187,0,0
20300,0,0
17819,0,0
11911,0,0
5138,0,0
25758,0,0
29873,0,0
10263,0,0
17439,0,0
19155,0,0
16148,1,0
19807,0,0
11238,0,0
27742,0,1
5814,0,0
11152,0,0
10951,0,0
22474,0,0
22146,0,0
13577,1,0
25139,0,0
27247,0,0
21666,0,0
22828,0,0
26384,0,0
14214,1,0
25867,0,0
14919,0,0
21291,1,0
866,0,0
3222,0,0
16197,0,0
9392,0,0
27377,0,0
6602,0,0
16687,0,0
29383,0,0
9192,1,1
20629,0,0
8676,0,0
7175,0,0
6164,0,0
8889,0,0
16004,0,0
23862,0,0
4405,0,0
9526,0,0
12215,0,0
21588,0,0
7554,0,0
7085,1,0
23707,0,0
14886,0,0
4639,0,0
5391,0,0
14480,1,0
8742,0,0
2533,0,0
9226,0,0
3697,0,0
26088,0,1
27895,0,0
22974,0,0
21950,1,0
21217,1,1
16114,0,0
24378,0,0
29494,0,0
20712,0,0
22589,0,0
23436,0,0
928,0,0
6885,0,0
7100,0,0
5456,0,0
9093,1,1
27304,0,0
23183,0,0
17919,0,0
15873,0,0
9648,0,0
12477,0,0
19728,0,0
17181,0,0
3122,0,0
9300,1,0
29294,0,0
5414,0,0
4384,0,0
11188,0,0
19271,0,0
10949,1,0
19417,0,0
10083,0,1
28739,0,0
26310,0,0
1411,0,0
11450,0,0
29847,0,0
9309,0,0
22843,1,0
15244,0,0
5749,0,0
3510,0,0
14145,0,0
24140,0,0
29071,0,0
19264,0,1
21005,0,0
6944,1,0
14509,0,0
2764,0,0
15694,0,0
16413,0,0
13110,1,0
3068,0,0
19069,1,1
27097,0,0
7049,0,0
4469,0,0
6325,0,0
11682,0,0
22758,0,0
12670,0,0
14064,1,0
20502,0,0
4903,0,0
13557,1,0
9099,0,0
5843,0,0
15801,0,0
29935,1,0
12617,0,0
22165,0,0
8279,0,0
27894,0,0
29883,0,0
9701,0,0
18185,1,1
28720,0,0
6531,0,0
5325,0,0
26051,0,0
6538,0,0
9579,0,0
911,0,0
12167,0,0
491,0,1
20338,0,1
23909,0,1
16550,0,0
1388,0,0
20639,1,0
5859,0,0
17596,0,0
6646,0,0
1698,0,0
17756,1,1
3298,1,0
4972,0,0
15491,0,0
17133,1,1
10840,0,0
24531,1,0
24047,0,0
18067,0,1
16470,0,0
16867,0,0
21609,1,0
25045,0,0
9489,0,0
13630,0,0
21479,0,0
13494,0,0
29157,0,0
12573,1,0
24580,1,0
27834,0,0
11591,0,0
13685,0,0
1103,0,0
29602,0,0
11082,0,0
26936,1,0
9134,0,0
3922,0,0
21011,0,0
29720,0,0
14898,0,0
14944,0,0
11896,0,0
20804,1,0
6919,0,0
24633,0,0
1475,0,0
1731,1,0
2540,0,0
27603,0,0
23526,1,0
25087,0,0
5711,0,0
1981,1,1
23106,0,0
15393,0,0
17624,1,0
2280,0,0
22096,0,0
25581,0,0
1109,0,0
7212,1,0
2718,0,0
25457,1,0
20027,0,0
11524,0,0
2932,0,0
16442,0,0
2508,0,0
8377,1,0
24185,1,0
790,0,0
3820,0,0
26478,0,0
24237,0,0
11502,1,0
1834,0,0
25430,0,0
20044,0,0
6484,0,0
16810,0,0
21893,0,0
1588,0,0
6250,0,0
25339,0,0
15839,0,0
5128,0,0
26922,0,0
22798,0,0
23692,0,0
4093,1,1
27034,1,1
17900,0,0
16703,0,0
25693,0,0
12455,0,0
20391,0,0
4569,1,1
4343,0,0
26873,0,0
5784,0,0
7918,0,0
23211,0,0
4104,1,1
21601,1,1
29704,0,0
24789,0,0
5927,1,0
9682,0,0
8211,0,0
20444,0,0
29214,1,0
26406,0,0
3265,1,0
2388,0,0
2497,0,0
16270,0,0
11257,0,0
12681,1,0
4203,0,0
19670,0,0
15428,0,0
13544,0,0
5045,0,0
5186,0,0
26482,0,0
28417,0,0
28989,0,0
7581,0,0
6483,1,0
26474,0,0
21353,0,0
8409,0,0
46,1,0
15617,0,0
18968,0,0
14305,0,0
10189,0,0
28999,0,0
29417,0,0
17383,0,0
3579,0,0
27094,0,0
12283,1,0
17092,1,0
10202,0,0
29746,1,0
10465,0,0
26027,1,0
23066,0,0
25228,0,0
17166,0,0
29722,0,0
243,0,0
29272,0,0
24741,0,0
17116,0,0
11444,0,0
22748,0,0
4421,0,0
2950,0,1
24808,0,0
4028,0,0
24575,0,0
1661,1,0
17957,0,0
24781,1,1
16993,0,0
14687,0,0
20799,1,0
24646,1,0
15287,0,0
10124,0,1
12228,0,0
7475,0,0
5804,0,0
3710,0,0
24102,1,0
3031,0,0
1937,1,0
5453,0,0
7998,0,0
25179,0,0
17775,1,1
29516,1,0
29658,0,0
26453,1,0
21482,0,0
10855,0,0
28234,0,0
10039,0,0
1282,0,0
15461,0,0
4351,1,0
7647,0,0
26255,0,0
3843,0,0
21783,0,0
5824,0,1
21130,1,0
12590,0,0
5115,0,1
13586,0,0
22560,1,0
7573,0,0
17521,0,0
7613,0,0
11291,0,0
18426,0,0
19959,0,0
16556,0,0
12702,0,0
11061,1,0
6145,0,0
11282,1,0
4372,1,0
9875,0,0
19295,0,0
25288,0,0
23791,1,1
23667,0,0
5282,0,0
5214,0,0
52,0,0
19355,0,0
17444,0,0
3353,0,0
24971,0,0
25103,0,0
23334,1,0
18754,0,0
26787,0,0
14446,1,1
17319,1,1
19977,0,0
6788,0,0
10008,1,0
1598,0,0
21990,0,0
5727,0,0
210,0,0
12011,0,0
23502,0,0
24459,0,0
19175,0,0
2140,0,1
4303,0,0
11453,0,0
14575,0,0
6395,1,0
10385,0,0
22568,0,0
14753,0,0
24075,0,1
17786,0,0
14403,0,0
501,0,1
23009,0,0
16992,1,0
12542,0,0
16418,0,0
27950,1,0
17005,0,0
9987,0,0
26914,1,1
16650,0,0
17927,0,0
8713,1,0
29123,0,0
19981,0,0
10059,0,0
7451,0,0
26456,1,0
24407,1,0
9320,0,0
21368,0,1
4913,0,0
19507,0,0
24240,0,0
6223,0,0
5236,1,1
29731,1,0
18731,1,0
4120,0,0
29356,1,1
28915,0,0
5657,0,0
3193,0,0
21290,0,0
24521,0,0
3162,1,0
11967,0,0
8941,0,0
11189,0,0
26145,0,0
12917,1,0
1738,1,0
14008,0,0
8618,0,0
13162,0,0
11315,0,0
9698,0,0
20833,1,0
19472,0,0
13885,0,0
10062,0,0
11913,1,0
29237,0,0
25239,0,0
29787,0,0
14897,1,0
9872,0,0
19806,0,0
9401,0,0
6948,0,0
24375,0,0
28008,0,0
12402,1,0
7653,0,0
28675,1,1
26387,0,0
2960,0,0
6433,0,0
18724,0,0
20282,1,1
7209,0,0
13315,1,0
23588,0,0
3829,0,0
2842,0,0
3053,0,0
6730,0,0
11511,0,0
13061,0,0
17547,1,1
25747,0,0
12259,0,0
9084,1,1
15053,0,0
15030,1,1
11628,0,0
17897,0,0
15838,0,0
27650,0,1
8658,0,0
3427,0,0
14004,0,0
15737,0,0
14835,0,0
26571,0,0
27448,1,0
20985,0,0
3172,0,0
25473,0,0
28653,0,0
9169,0,0
3929,0,0
16833,0,0
6248,0,0
18597,0,0
2061,0,0
2564,0,0
23786,1,0
14405,0,0
17246,0,0
29427,1,0
23832,0,0
1966,0,0
23090,1,0
21313,0,0
5096,1,1
2900,0,0
1690,0,0
18521,0,0
4413,0,0
506,0,0
2043,1,0
19590,0,0
23167,0,0
16719,0,0
17495,0,0
11288,0,0
6404,0,0
26638,0,0
24074,0,0
15420,0,0
6186,1,0
21820,0,0
10643,0,0
18980,0,0
20317,0,0
26758,0,0
7786,1,1
20822,0,0
29038,0,0
13995,0,0
1569,1,0
23308,0,0
24357,0,0
25310,0,0
16502,1,1
28697,0,0
13066,0,0
11769,1,0
22565,0,0
9712,0,0
14874,0,0
6741,0,0
13317,0,0
1266,0,0
12836,0,0
1302,0,0
25558,0,0
18040,0,0
26601,0,0
1968,1,1
19804,0,0
14244,1,1
3115,0,0
3639,0,0
1962,0,0
11925,0,0
22197,0,0
6462,0,0
9443,0,0
1047,1,0
20888,0,0
17496,1,1
11416,0,0
27809,0,1
22875,0,0
29851,0,0
6388,0,0
1758,0,0
11433,0,0
29542,0,0
8731,0,0
12398,0,0
22718,0,0
25465,0,0
10821,0,0
22200,0,0
17224,0,0
24930,0,0
6480,0,0
14750,0,0
12920,0,0
9755,0,1
19885,0,0
27811,0,0
22869,0,0
15602,1,0
13581,0,0
21552,0,0
29949,0,0
6757,0,0
2754,0,0
16429,0,0
7420,0,0
980,0,0
26018,0,0
18403,0,0
8634,0,0
334,0,0
14727,1,0
17541,1,1
25822,0,0
21961,0,0
23662,1,1
8639,0,0
28031,0,0
22650,0,0
14763,1,1
9266,0,0
10714,0,0
4347,0,0
23143,0,0
19261,0,0
22713,0,0
274,1,0
10365,0,0
12119,0,1
5523,0,0
25274,0,0
28855,0,0
10727,0,0
17265,1,1
22543,1,0
5472,1,1
18598,0,0
21090,0,0
12406,1,1
17068,0,0
20311,0,0
20018,0,0
4991,0,0
1396,1,1
12432,0,1
15277,0,0
11333,1,1
17219,1,0
21504,0,0
20820,0,0
6070,0,0
9061,0,1
657,1,0
8505,0,0
28814,0,0
6902,0,0
24418,0,0
1434,0,0
18124,0,0
8863,0,0
6128,0,0
29893,0,0
943,1,1
7486,0,0
3928,0,0
9384,0,0
11191,0,0
19311,0,0
20156,0,0
29672,0,0
26394,0,1
17795,0,0
5221,1,0
11717,1,0
20627,0,0
3578,0,0
8528,0,0
13309,0,0
21922,0,0
905,0,0
7840,0,0
2617,1,1
24336,0,0
6951,1,0
11403,0,1
8969,0,0
21484,0,0
11581,1,1
21887,0,0
9926,0,0
18790,0,0
3058,0,0
28662,1,1
8144,0,0
17448,1,0
16746,0,0
22771,0,0
22390,0,0
15818,0,0
16737,0,0
28436,0,0
6888,0,0
16603,0,0
4602,0,0
15483,0,0
6824,0,0
330,1,0
25443,1,0
19697,1,1
11815,0,0
28099,1,1
20257,1,0
14242,0,0
22997,0,0
15079,0,0
2286,0,0
29203,0,0
23595,0,0
20168,0,0
10958,1,1
4296,0,0
4749,0,0
12710,0,0
23467,0,0
21868,0,0
1182,1,1
4772,0,0
29741,0,0
20956,0,0
12986,1,1
5535,0,0
11582,0,0
9391,1,0
24470,0,0
7792,1,1
27294,0,0
16680,0,0
14618,0,0
3548,1,0
26756,0,0
28247,0,0
23834,0,0
5437,0,0
20061,0,0
12536,1,0
21002,0,0
12584,0,0
12594,0,0
10133,0,0
22267,0,0
11068,0,0
17556,0,0
10496,0,0
21967,0,0
3394,0,0
21251,0,0
22542,1,1
10001,0,0
6440,0,0
5040,1,0
5598,0,0
22685,0,0
8295,1,1
17243,0,0
15984,1,0
5572,0,0
29255,1,0
28528,0,0
22039,0,0
9946,1,1
26331,0,0
23812,0,0
1664,0,0
21779,0,0
29550,0,1
23703,0,0
23239,1,1
27486,1,0
22085,0,0
6879,0,0
17034,1,0
12741,0,0
8910,0,1
4783,0,0
25915,0,1
10876,1,0
8161,1,0
12843,0,0
21096,0,0
27800,1,1
5925,0,0
14353,0,0
7326,0,0
288,1,1
3525,0,0
27657,0,1
7780,1,0
14724,0,0
25983,0,0
23345,0,0
121,1,0
11961,0,0
2714,0,1
890,0,0
1243,1,1
14542,1,1
27769,0,0
19866,0,0
17673,0,0
18602,0,0
9172,0,0
7568,1,1
28627,0,0
5533,1,0
15181,0,0
21345,0,0
15377,0,0
17501,0,0
28549,0,0
9246,1,1
702,1,0
11626,0,0
13053,0,0
5688,0,0
13927,0,0
7375,0,1
18672,1,0
24448,1,1
27051,0,0
22123,0,0
13357,0,0
4479,0,0
26327,1,0
12364,0,0
26398,0,0
1035,1,1
16761,0,0
28767,0,0
27907,0,0
21816,0,0
23208,0,0
3707,0,0
7107,0,0
29304,0,0
11727,1,0
10021,0,0
26262,0,0
20141,0,0
6916,1,1
14417,0,0
24387,0,0
11400,0,0
17351,1,1
16525,0,0
14313,1,0
16215,0,0
17499,0,0
9811,1,1
21123,0,0
7652,0,0
26621,0,0
10016,0,0
8480,0,0
13620,0,0
29854,0,0
2901,0,0
7600,0,0
11247,0,0
4438,0,0
19195,0,0
18878,0,0
3488,0,0
715,0,0
6934,0,0
6134,1,0
11160,0,0
29811,0,0
12193,0,0
21788,0,0
5304,1,0
21026,0,0
1448,0,0
9147,1,0
401,0,0
14600,0,0
27921,0,0
18652,0,0
16695,0,0
29474,0,0
6656,0,0
3396,0,0
16974,1,1
8370,1,1
12407,0,0
23785,0,0
9731,1,1
23072,0,0
24082,0,0
11943,0,0
15570,0,1
4785,0,0
28151,0,0
13010,0,0
21242,0,0
28843,0,0
3792,0,0
12633,0,0
8868,0,0
16933,0,0
16398,0,0
15480,1,1
22611,0,0
24947,0,0
13626,0,0
28868,0,0
13483,0,0
29600,0,0
10993,0,0
4877,0,0
22511,0,0
10579,0,0
24637,0,0
25733,0,0
14442,0,0
28556,0,0
18629,0,0
7785,1,1
9287,1,0
20278,1,0
17590,0,0
22296,0,0
29518,1,0
25542,0,0
1510,0,0
23131,0,0
4339,0,0
23385,1,1
2119,0,0
25763,1,1
29292,1,1
8761,0,0
7113,0,0
24202,0,0
11175,0,0
18152,0,0
14416,0,0
29868,0,0
4844,0,0
21046,1,0
199,1,0
14169,0,0
3455,0,0
5979,1,1
12092,0,0
5570,0,0
3592,1,1
20640,0,0
1337,0,0
12462,0,1
7827,0,0
6835,0,0
4819,0,0
12690,0,0
21268,0,0
10217,0,0
10781,0,0
18065,0,0
7030,0,0
4070,0,0
1945,1,0
9902,1,1
4246,0,0
15429,0,0
14503,1,0
4450,0,0
13475,0,0
2772,1,1
28038,1,0
28991,0,0
6634,0,0
9904,1,0
12593,1,0
1414,0,0
16183,1,0
28625,0,0
8779,0,0
21641,1,1
22864,0,0
14248,0,0
144,0,0
23332,1,0
29559,0,0
1050,0,1
23233,0,1
20467,0,0
12691,0,0
9194,1,1
1512,0,0
6492,1,1
11466,0,0
10229,0,0
23309,1,0
25418,1,0
22345,0,0
14222,0,0
16638,0,0
3027,0,0
19279,0,0
16584,1,0
14697,1,1
25815,1,0
1818,0,0
22972,1,0
19883,0,0
7850,0,1
20328,0,0
24203,0,0
9397,0,0
15783,0,0
18368,1,0
16345,0,0
17287,0,0
29026,0,0
28816,0,0
20882,0,0
18270,0,0
18353,0,0
17687,1,1
7503,1,1
5875,1,0
11858,0,0
19662,0,0
2275,0,0
24455,1,0
25253,0,0
27020,1,0
16659,0,0
16893,0,0
6925,1,0
19035,1,1
20703,1,0
27934,0,0
17471,0,0
26053,0,0
4955,1,0
29343,0,0
8390,1,1
26541,1,0
24148,0,0
24468,0,0
16605,0,0
21763,0,0
29484,0,0
6252,0,0
22502,1,0
4322,0,0
2635,0,0
21630,0,0
23023,1,1
28683,1,1
5135,1,1
26231,0,0
27367,0,1
14748,0,0
8629,0,0
28200,1,0
19377,1,0
3789,0,0
25455,0,0
25161,0,0
12596,0,0
25384,1,1
26260,1,0
16570,1,0
16583,0,0
7799,0,0
24809,1,0
24396,1,0
20336,1,0
19467,0,0
22068,0,0
26207,0,0
25637,0,0
13155,0,0
19060,1,0
8999,0,0
7286,0,0
9918,1,1
15336,0,0
2136,0,0
8735,0,0
8034,0,0
27081,0,0
29694,0,0
18469,0,0
7888,0,0
25905,0,0
21478,0,0
4165,1,0
11028,1,0
12136,0,0
24371,0,0
9547,0,0
10610,0,0
12385,0,0
9000,0,0
6688,0,0
11651,0,0
7012,0,0
17268,0,0
27174,0,0
261,0,0
13400,1,1
21867,0,0
27566,0,1
15289,1,0
25991,0,0
6758,1,0
15497,1,1
15391,0,0
22670,0,0
18190,0,0
19860,0,0
7033,0,0
17408,0,0
8049,0,0
26084,0,0
22521,0,0
7499,0,1
14815,0,0
28969,0,0
13656,0,0
656,0,0
7901,1,1
15800,0,0
4404,1,1
28783,0,0
5339,0,1
6188,0,0
14994,0,0
7884,0,0
4256,0,0
13099,0,0
6149,0,0
5284,1,1
16217,0,0
8460,0,0
5679,0,0
5005,0,0
1444,1,1
14614,1,1
19442,1,0
10212,0,1
24745,0,0
15582,0,0
24624,1,0
29674,0,0
2867,0,0
5975,0,0
13191,0,0
8979,0,0
19401,0,0
20993,1,0
25233,1,0
13610,0,0
25648,0,0
10413,0,0
24016,0,0
3806,0,0
9655,0,0
29514,0,0
27998,0,0
1489,1,0
12730,0,0
15000,1,0
20721,1,1
25238,0,0
14789,0,0
28781,0,0
1366,0,0
23458,0,0
4739,0,0
8466,1,0
26527,0,0
8610,0,0
4884,1,0
11331,0,0
3601,1,0
8760,0,0
14529,0,0
2464,1,0
12863,0,0
5671,0,0
3045,0,0
3184,0,0
14311,1,0
4115,0,0
25575,0,0
811,0,0
5220,0,0
9644,0,0
23405,0,0
6049,0,0
14461,0,0
367,0,0
8827,0,0
27023,0,0
27006,0,0
14319,0,0
15852,0,0
14878,0,0
127,1,0
21206,1,0
873,0,0
24480,0,0
12058,0,0
15057,0,0
20759,0,0
17995,0,0
456,0,1
22895,0,0
16516,0,0
19044,0,0
8704,0,0
12813,0,0
3842,0,0
15299,0,0
2405,1,1
27186,0,0
9183,0,0
10527,1,0
13040,0,0
14836,1,0
16981,0,0
3776,1,0
12740,0,0
26058,1,0
5980,0,0
15342,0,0
20441,0,0
21439,1,0
12969,0,0
15274,1,0
23349,0,0
19077,0,1
6826,0,0
15499,0,0
7125,0,0
20312,0,0
29881,0,0
19537,0,0
17913,0,0
23512,0,0
12036,0,0
9606,0,0
8375,0,0
26087,0,0
25440,0,0
24539,0,0
536,0,0
28317,0,0
12181,0,0
27198,1,0
11293,1,1
6896,1,1
13363,0,0
3286,0,0
8082,1,1
26450,0,0
5343,0,0
15757,1,1
17386,1,1
16317,0,0
14337,0,0
6633,0,0
4605,0,0
23048,0,1
27717,0,0
23528,0,0
15513,1,0
28498,0,0
8348,1,0
29348,0,0
4037,0,0
2566,0,0
15662,0,0
19934,0,0
11374,0,0
3000,0,0
7335,0,0
21093,0,0
10333,0,0
2973,0,1
7505,1,0
10305,0,0
19009,0,0
16534,0,0
10244,0,0
13658,0,0
24333,0,0
21536,1,1
5449,0,0
28597,1,1
21514,0,0
22229,0,0
4584,0,0
25834,1,1
29339,0,0
7267,0,0
4084,0,1
12110,0,0
16912,0,0
20233,0,0
7439,1,0
15119,1,0
11204,0,0
2641,1,0
21643,0,0
9331,0,0
26599,0,0
14570,0,0
11959,1,1
11436,1,0
29615,1,0
7558,0,0
971,0,0
1453,0,0
880,0,0
3386,0,0
24605,0,0
2463,1,1
6977,0,0
12745,0,1
13468,1,1
9687,0,0
18303,1,0
25591,0,0
15918,0,0
27520,1,0
22939,0,0
9561,0,0
29724,0,0
23035,0,0
10127,1,0
11215,0,0
10881,0,0
8137,0,0
26988,0,0
18307,0,0
17911,1,0
20592,0,0
28368,0,0
1741,0,0
16423,1,0
11004,0,0
4949,0,0
28779,0,0
3023,1,1
2583,0,0
15099,0,0
20165,0,0
26338,0,0
4850,0,0
29621,0,0
29663,0,0
22705,0,0
21481,0,0
26178,0,0
27445,0,0
1723,0,0
8485,0,0
346,0,0
13028,0,0
8821,1,1
25676,0,0
7534,0,1
23389,0,0
21579,1,0
8886,1,0
24884,0,0
10504,0,0
7301,0,0
20023,0,0
25809,0,0
3050,0,0
29521,0,0
11335,0,0
24039,1,1
7748,0,0
9381,0,1
10933,0,0
6032,0,0
9621,0,0
2724,0,0
18008,1,0
10898,0,0
21375,0,0
10986,0,0
4738,1,1
4832,0,0
8090,1,1
12932,0,0
21859,0,0
9116,0,0
15134,0,0
10392,1,0
29411,0,0
24367,0,0
2171,0,0
25143,1,1
24330,1,1
4659,1,1
17117,0,0
13789,0,0
29966,1,0
1994,0,0
16115,1,0
19278,0,0
3498,0,0
485,0,0
12792,0,0
5026,0,0
13369,1,1
28606,0,0
5252,0,0
14957,0,0
3566,0,0
8673,0,0
21623,0,0
9161,0,0
15938,0,0
19083,1,1
17644,1,0
15076,1,0
29865,1,0
25264,0,0
28078,1,0
24552,0,0
26026,0,0
6029,1,0
9992,1,1
25323,0,0
15294,0,0
28836,0,0
24125,0,0
17585,1,1
21943,0,0
5576,1,0
7721,1,0
22888,0,0
2649,0,0
22741,0,0
8957,0,0
15315,0,0
2579,1,1
8972,1,0
15010,0,0
18386,0,0
13130,0,0
11497,1,0
5799,0,1
27909,1,0
10507,1,0
2805,0,0
26853,1,0
20492,1,0
291,1,0
9334,1,0
12559,0,0
21521,0,0
15786,0,0
28484,0,0
17309,1,1
10620,0,0
16239,0,0
13271,0,0
7676,0,0
15488,1,0
4513,0,0
26664,0,0
2949,0,0
1765,1,0
5658,1,1
6478,1,0
6067,0,0
16178,0,0
18363,0,0
3885,0,0
4699,0,0
22333,0,0
23685,0,0
20624,0,0
13884,1,0
27518,0,0
13862,0,0
27156,1,1
28075,0,0
24833,0,0
14853,0,0
18936,0,1
7898,1,1
11070,0,0
29863,0,0
25820,0,0
5139,0,0
4890,0,0
4186,0,0
22266,1,0
14088,0,0
13637,0,0
6904,0,0
14809,1,1
4788,0,1
741,0,0
2797,0,0
6657,0,1
29962,0,0
2549,0,1
28468,0,0
19064,0,0
16415,0,1
25812,0,0
5225,0,0
21095,0,0
22859,0,0
24649,0,0
28389,0,0
2496,0,0
22286,1,0
11248,1,0
13133,1,0
19100,1,0
8922,0,0
26133,1,0
26979,0,0
29118,1,1
3106,0,0
10650,0,0
6428,1,1
1827,0,0
16790,0,0
640,0,0
19574,0,0
11813,1,0
29567,0,0
25553,0,0
24339,0,0
13278,0,0
29773,0,0
14108,0,0
22016,0,0
953,0,0
25328,0,0
4634,0,0
2029,1,1
9791,1,0
22114,0,1
20351,0,0
3049,0,0
17427,0,0
26999,0,0
9051,1,0
17657,0,0
5068,1,0
20136,0,0
2310,0,0
13632,0,0
28318,0,0
16919,0,1
12425,0,0
19316,0,0
5286,1,0
29948,0,0
26903,0,0
28152,0,0
15811,0,0
1202,0,0
28415,0,0
480,0,0
12821,0,0
14285,0,0
26802,0,0
22585,0,0
9681,0,0
14756,0,0
8650,0,0
1322,0,0
13308,0,0
16541,1,1
29268,1,1
15986,0,0
10071,0,0
22421,0,0
8013,0,0
17936,0,0
5678,0,0
19125,0,0
9128,0,0
7495,0,0
13638,0,0
28204,1,0
22975,0,0
28866,0,0
20801,0,0
13063,1,0
927,0,0
8058,0,0
7936,0,0
11932,0,0
16635,0,0
23743,0,0
22171,0,0
24246,0,0
16135,1,0
26554,0,0
8047,0,0
13845,0,0
20869,0,0
22784,0,0
15575,1,0
26596,0,0
26427,0,0
15058,1,0
15808,0,0
12804,0,0
24414,0,0
11625,1,1
2221,0,0
15537,0,0
18304,0,0
28333,0,0
18266,1,0
29554,1,0
8227,1,0
12301,0,0
14647,0,0
29148,0,0
12083,1,1
7682,0,0
512,0,0
28428,0,0
21340,0,0
15557,0,0
28390,0,0
18776,0,0
12704,0,0
25167,0,0
26835,0,0
28630,0,0
28242,1,1
1456,0,0
20035,0,0
8214,0,0
28821,0,0
8394,0,0
24334,1,0
12423,0,0
20284,0,1
18334,0,0
25700,0,0
20605,1,1
23118,1,0
29028,1,1
4058,0,0
6287,0,0
4254,0,0
3780,0,0
9798,1,0
27513,0,0
20966,0,0
6880,0,0
27993,0,0
15672,1,1
10012,0,0
16339,1,1
28196,0,0
29899,1,0
2955,0,0
14307,0,0
12133,0,0
29832,0,0
26701,0,0
5564,1,0
6126,1,0
29988,0,0
230,0,0
25197,0,0
6258,0,0
13126,0,0
15361,0,0
3778,0,0
9688,0,0
15109,0,0
2762,0,0
10779,0,0
25514,1,0
24119,0,0
10185,1,0
23317,0,0
20542,1,0
9532,1,0
1553,0,0
27317,0,0
13173,0,1
8939,0,0
23790,0,0
20653,0,0
19796,0,0
12865,0,0
20771,0,0
7388,0,0
23050,0,0
23766,0,0
24798,0,0
22185,0,0
16274,0,0
10654,0,0
8057,0,0
3916,1,1
3494,0,1
17031,1,1
1901,0,0
23979,1,1
24490,0,0
25728,0,0
20571,0,0
27085,0,0
1336,1,1
15135,0,0
29657,1,0
25411,0,0
19772,0,0
23457,0,0
1470,0,0
20861,0,0
24463,0,0
5464,0,0
2903,1,0
18511,1,0
19314,0,0
3594,1,0
1642,1,0
26591,0,0
4900,1,0
23674,1,0
27190,0,1
5853,1,0
16403,0,0
4546,1,1
18909,0,0
29415,0,0
12968,0,0
4220,0,0
5035,0,0
6173,0,0
12739,0,0
16834,1,1
6460,0,0
2133,0,0
5954,0,0
11963,1,0
8147,1,0
27725,0,0
21333,0,0
8200,0,0
12368,0,0
1215,0,0
15022,0,0
8871,0,0
22559,0,0
8030,0,0
10556,0,0
9567,0,0
15180,1,1
25732,0,0
28865,0,0
25686,0,0
1715,0,0
2485,0,0
20731,0,0
16685,0,0
4520,0,0
14812,1,0
23354,0,0
11262,0,0
22220,0,0
13033,0,0
27427,1,0
23744,0,0
10094,0,0
20130,0,1
8196,0,0
20847,0,0
13855,0,0
28265,1,0
12574,0,0
8240,0,0
4170,0,0
11091,0,0
2851,1,1
1889,1,0
20084,0,0
14261,1,0
14006,0,0
21016,1,1
22860,1,0
18098,0,0
6151,0,0
3441,0,0
17077,0,0
22112,0,0
21743,0,0
24003,0,0
16936,0,0
2918,1,0
4344,0,0
18126,0,0
18993,0,0
936,0,0
18654,1,0
29980,0,0
17048,1,1
10777,0,0
752,1,0
3492,0,0
14411,0,0
13202,0,0
28156,0,0
16971,0,0
13797,0,0
26547,0,0
13520,0,0
14766,1,0
23869,0,0
24786,0,0
21512,0,0
23614,0,0
10443,0,0
8180,1,0
1147,0,0
20860,0,0
13291,1,1
6769,0,0
13498,1,1
4751,0,0
27943,0,0
23991,0,0
6836,0,0
17840,1,0
19172,0,0
25883,0,0
28713,0,0
11816,0,0
20218,0,0
24200,0,0
26319,0,0
8225,0,1
26921,1,0
17904,1,0
24722,0,0
11677,0,0
19384,0,0
26067,0,0
17284,1,0
17553,0,0
18123,0,0
28685,1,0
5394,0,0
8862,0,0
14959,0,0
14579,0,0
7685,0,0
1045,0,0
3308,0,0
23109,0,1
13687,0,0
22108,0,0
27184,1,0
21921,0,0
5610,1,1
4843,0,1
21450,0,0
3662,0,0
16356,0,0
11032,0,0
1530,0,0
16240,0,0
3638,0,0
6000,0,0
24794,1,0
13677,0,0
25755,0,0
4596,1,0
25968,0,0
3284,0,0
17433,0,0
22836,1,0
8206,0,0
28146,0,0
10812,0,0
22763,0,0
6526,0,0
9564,0,0
28574,0,0
11194,0,0
5155,0,0
29270,1,0
8648,0,0
8958,1,0
9938,0,0
22241,0,0
6204,1,0
27714,0,0
11900,0,0
6527,0,1
13902,1,0
8194,0,0
13377,0,0
26633,1,0
17008,0,1
8324,0,0
13487,0,0
3725,0,1
21247,0,0
11845,0,0
14040,0,0
5815,1,0
2726,0,0
15165,0,0
20161,0,0
10953,0,0
11264,0,0
29905,1,0
1947,0,0
25417,0,0
532,1,0
23671,0,0
18337,0,0
26009,0,0
18054,0,0
22830,1,1
1612,0,0
17016,0,0
4645,0,0
23404,0,0
22328,0,0
12675,0,0
4771,0,0
1959,0,0
24317,0,0
5332,0,0
13561,1,1
18905,0,0
18170,0,0
6334,1,1
10013,0,0
6003,0,0
28115,1,1
16906,0,0
17866,1,0
24474,0,0
19841,0,0
21765,0,0
6482,0,0
7594,0,0
27995,0,0
1113,0,0
35,0,0
1730,1,0
26607,0,0
25153,1,1
7545,0,0
22160,0,0
1471,1,0
20769,0,0
19636,0,0
27363,0,0
13344,1,0
3448,0,0
7579,1,1
22591,0,0
29020,0,0
1422,0,0
13889,0,0
17990,0,0
17813,0,0
2055,1,0
14127,1,0
16293,0,0
24828,0,0
23663,1,0
6744,1,0
10969,0,0
18189,0,0
7976,0,0
27109,0,0
14834,0,0
14950,1,1
1635,0,0
10690,0,0
26464,0,0
24326,0,0
12233,0,0
12649,0,0
27204,0,0
25492,0,0
17452,1,0
27634,0,0
24218,1,1
22654,0,0
27181,0,0
382,0,0
3169,0,0
4168,1,0
20005,1,0
23709,0,0
27863,0,1
13818,0,0
16007,0,1
19847,0,1
12457,0,0
28784,0,0
20904,0,0
8778,0,0
18130,0,0
28509,0,0
7303,0,0
19274,0,0
28517,0,0
26542,0,0
2009,0,0
28851,1,1
18632,0,0
11771,0,1
19931,1,0
15773,0,0
26297,1,1
13741,1,0
12837,0,0
20477,0,0
10630,0,0
21143,1,0
9565,0,0
1346,0,0
18335,1,1
28114,0,0
8398,0,0
718,0,0
1771,0,0
24814,0,0
22518,0,0
2404,0,0
24309,0,0
27933,0,0
25638,0,0
10600,1,0
11505,0,0
3874,0,0
19861,1,1
2595,0,0
2004,0,0
3635,0,0
15987,1,1
25571,0,0
7525,0,0
22087,0,0
7445,0,0
2408,0,0
15558,1,1
2142,1,1
22362,0,0
25296,0,0
22992,0,0
29840,1,1
8178,1,1
14023,0,0
25469,0,0
24512,0,0
11224,1,0
9214,1,1
21236,0,0
21455,0,0
28793,0,0
8476,0,0
4989,0,0
10882,0,0
5461,0,0
6392,1,0
12876,1,1
17244,1,1
2947,1,1
13984,0,0
13259,1,0
16175,0,0
6703,0,0
18788,0,0
7578,0,0
9396,0,1
10319,0,0
23511,0,0
28689,0,0
16233,0,0
23923,0,0
12282,0,0
10182,0,0
27211,1,1
11527,0,1
4501,1,0
19080,0,0
23424,0,0
17230,1,1
24564,0,0
2752,1,0
24766,0,0
24666,0,0
7278,0,0
17803,0,0
4160,0,1
1666,0,1
6253,0,0
3470,1,0
8426,0,0
21938,1,0
11321,0,0
22310,0,1
4813,0,0
3270,1,1
26397,0,0
18548,0,0
18612,0,0
993,1,0
4341,0,0
27255,0,0
5042,0,0
12650,0,0
20521,0,1
11615,1,0
26209,0,0
12758,0,0
6699,0,0
14964,0,0
16851,0,0
28577,0,0
20239,0,0
13985,0,0
24797,0,1
17829,0,0
18590,0,0
802,0,0
14717,0,1
28193,0,0
13814,0,0
7672,1,0
18833,0,0
10087,0,0
19548,1,1
5183,0,0
12202,0,0
10275,0,0
20255,0,1
18528,0,0
14351,1,1
14059,0,0
4794,0,0
8470,1,1
7731,0,0
6505,1,0
24908,0,0
8516,0,0
736,0,0
6620,0,0
19047,0,0
17431,1,1
4742,1,0
283,0,0
19759,0,0
21226,0,0
25175,0,0
13842,1,1
2250,0,0
2259,0,0
3451,0,0
5348,1,1
21086,0,0
6024,0,0
9773,0,0
8238,1,1
28418,0,1
15325,0,0
11547,0,0
23098,0,0
9961,0,0
10944,1,0
25977,1,0
5018,0,0
7536,1,0
4817,0,0
7353,0,0
7202,0,0
10381,0,0
3702,0,0
26754,0,0
18371,0,0
8483,0,0
9289,1,1
15416,0,0
17161,0,0
8902,0,0
3946,0,0
9502,0,0
25953,0,0
19263,0,0
15975,1,0
1805,0,0
7112,1,0
17902,0,0
24620,0,0
23136,0,0
5157,1,0
27291,0,0
2316,0,0
11890,0,0
15915,0,0
18182,0,0
16272,0,0
6237,1,0
29504,0,1
14999,0,0
29283,0,0
22953,0,0
2084,0,0
4148,0,0
3329,0,0
9058,0,0
19224,0,0
27881,0,0
23533,0,0
20791,0,0
2874,0,0
11841,0,0
23517,0,0
24146,0,0
14576,0,0
25126,0,0
26680,1,1
7767,0,0
20949,0,0
4707,1,1
9517,1,1
15785,0,0
26710,1,1
24560,0,0
14058,0,0
24023,0,0
27270,0,0
19606,0,0
24989,0,0
17298,0,0
22686,1,0
26820,0,0
10429,0,0
15192,0,0
18497,0,0
29426,0,0
23850,0,0
280,0,0
25407,0,0
20621,0,0
19939,0,0
6635,1,1
6422,0,0
11067,0,0
27571,0,0
16707,0,0
24868,0,0
19635,0,0
9240,0,0
4952,1,0
12530,0,0
6350,0,0
4156,0,0
3769,0,0
28771,0,0
23214,0,0
28106,0,0
24895,0,0
20286,0,0
14320,0,0
27936,0,0
15045,0,0
1179,0,0
6187,0,0
20184,0,0
4974,0,1
10444,0,0
28121,0,0
22239,0,0
20996,0,1
23843,0,0
14152,0,0
13745,0,0
11776,0,1
7029,0,0
21810,1,1
8873,0,0
7228,1,0
15713,0,0
20723,0,0
19987,0,0
5697,1,0
28800,1,1
4034,0,0
16097,1,1
19416,1,0
19473,0,0
1121,1,1
10226,0,0
26033,0,0
22709,0,0
28223,0,0
959,1,0
2362,0,1
7221,0,0
4285,1,0
22545,0,0
17867,0,0
4915,0,0
11491,0,0
24941,0,0
17189,1,1
6215,0,0
5425,1,0
16359,0,0
21114,0,0
7882,1,0
10735,0,0
20442,0,0
5553,0,0
10359,0,0
20372,0,0
9188,0,0
17402,1,0
9544,0,0
6529,0,0
10105,0,0
24215,0,0
5777,0,0
21219,0,0
26842,0,0
21611,0,0
18932,0,0
22629,0,0
1163,0,0
1175,1,1
9038,0,0
14302,0,0
29448,0,0
28941,0,0
14233,0,0
4851,1,0
26735,0,0
4209,0,0
8840,0,0
2277,0,0
18349,1,0
3189,0,0
26222,0,0
15509,0,0
8005,0,0
22566,0,1
4320,1,0
5496,0,0
28176,0,1
3971,1,1
21101,0,0
20835,0,0
4810,0,0
22103,0,0
10747,0,0
13867,0,0
15529,0,0
17510,1,0
25645,1,1
147,0,0
17399,0,0
8763,0,0
4273,1,0
29439,0,0
5215,0,0
27485,1,1
19191,0,0
13766,0,0
23592,0,0
43,0,0
6463,0,0
9250,0,0
24836,0,0
29803,0,0
29909,0,0
19466,0,0
27077,0,1
6035,1,0
27140,0,0
11644,0,0
14441,0,0
6868,0,0
19013,1,0
13195,1,0
12281,1,1
19797,0,0
14787,0,0
27766,1,0
7809,0,0
20475,1,0
27071,1,1
11997,0,0
12756,0,0
3316,0,0
3840,0,0
13148,0,0
15273,0,0
20037,0,0
13302,0,0
5379,0,0
24915,1,0
19079,0,0
3939,0,0
4688,1,1
9693,0,0
7690,0,0
25449,0,0
14685,0,0
24834,1,1
10836,0,0
8218,0,0
13144,1,0
9796,0,0
14366,1,0
3595,0,0
2694,0,0
996,0,0
3210,0,0
11770,0,0
28290,0,0
12858,0,0
23350,1,0
13613,1,0
14412,0,0
18176,0,1
5354,0,0
23763,0,0
17638,0,0
23575,0,0
15242,0,0
12708,0,0
23891,0,0
7801,1,0
6502,0,0
28751,1,0
9538,0,0
26581,0,0
10755,0,0
8544,1,0
28138,0,0
21796,0,0
1482,0,0
2445,1,0
4419,0,0
19722,0,0
17702,0,1
22551,1,0
27385,0,0
3102,0,0
28209,0,0
14867,1,0
17933,0,0
14546,1,1
19519,1,0
23504,0,0
5460,0,0
29327,0,0
5732,0,0
13355,0,0
24785,0,0
24830,0,0
8616,1,0
9378,0,0
3426,0,0
26168,1,0
5627,0,0
9626,0,0
15108,0,0
7379,0,0
24958,0,0
9986,0,0
9044,0,0
22327,0,0
5377,0,0
17896,1,0
27364,0,0
8145,0,0
14764,0,0
25740,0,0
10421,0,0
25357,0,0
24784,1,0
17227,0,0
11134,0,0
26109,0,0
20252,1,0
22188,0,0
24799,0,0
22050,0,0
22503,1,0
11482,0,0
1323,0,0
23652,1,0
6319,0,0
15364,0,0
24621,0,0
19570,0,0
26568,0,0
19774,0,0
10992,0,0
23492,0,0
503,1,0
10765,0,1
20683,0,0
9575,0,0
27726,0,0
25295,0,0
14229,0,0
9328,1,1
26945,0,0
19327,0,0
16074,0,0
12613,0,0
13252,0,0
29434,0,0
8471,1,1
12680,0,0
18223,0,0
29571,0,0
15452,0,0
18773,1,1
6202,0,0
21926,0,0
11253,0,0
13096,0,0
26849,1,1
1603,0,0
6095,0,0
18843,0,0
29314,0,0
9185,0,0
25317,0,0
21208,0,0
6865,0,0
29598,1,0
25609,0,0
1033,0,0
28241,0,0
22396,0,0
20001,0,0
26639,0,0
5337,1,0
20575,0,0
9162,0,0
12953,0,0
7606,1,0
3844,0,0
18740,0,0
25960,1,0
9358,0,0
13438,0,0
4689,0,0
20498,0,0
28790,0,0
11605,0,0
23363,0,0
14251,1,1
19369,0,0
1056,0,0
8768,1,1
5841,0,0
12471,0,0
1183,0,0
11818,0,0
21071,0,0
24380,0,0
4641,0,0
9831,0,0
1347,0,0
15729,1,0
27564,1,0
15687,0,0
28160,0,0
263,0,0
4393,0,0
23794,0,0
18726,0,0
27013,1,0
16367,1,0
10104,0,0
25714,0,0
29374,0,0
5312,0,0
22951,0,0
28029,0,0
21507,1,1
5094,0,0
150,0,0
3229,0,0
8318,0,0
20297,0,0
13819,1,0
7428,0,0
12378,0,0
10676,0,0
8105,1,0
18762,0,0
20572,1,0
25322,0,0
11840,0,0
20730,0,0
22233,0,0
29228,0,0
9048,0,0
18204,0,0
5511,0,0
20821,0,0
19428,0,0
13497,1,0
8407,0,1
19042,1,1
22684,0,0
17989,0,0
25596,0,0
28005,0,0
6281,1,1
5195,0,0
27574,0,0
4679,1,1
7889,0,0
23300,0,0
26682,0,0
24707,0,0
16804,0,0
13102,1,0
22405,0,0
24222,0,0
8242,0,0
6631,0,0
315,1,0
20320,0,0
15505,0,0
1915,0,0
17802,0,0
5706,0,0
22552,0,0
11316,0,0
24962,1,0
24079,0,0
26001,1,0
6892,0,0
24092,0,1
24344,0,0
24675,0,0
15579,1,0
2117,1,0
10405,1,1
2813,0,0
7510,0,0
26349,0,0
27000,0,0
11919,0,0
26647,1,1
290,1,0
17557,0,0
12981,0,0
16809,0,0
23351,0,0
23566,0,0
15777,1,0
2214,0,0
22179,0,0
6108,1,1
7363,0,0
875,0,0
5219,1,0
3993,1,0
23476,0,0
22981,0,0
14726,0,0
11358,0,0
9008,0,0
29210,1,0
9423,0,0
20930,1,0
5107,1,0
21498,0,0
29005,0,0
2588,0,0
22265,0,0
10210,0,0
15006,0,0
14189,0,0
8141,0,0
1729,0,0
22948,1,0
26305,0,0
29420,0,0
1387,0,0
8267,0,0
26670,0,0
17978,0,0
2375,1,1
13955,0,0
1133,0,1
14316,0,0
6899,0,0
28652,0,0
2592,0,0
14280,1,1
12850,0,0
9792,0,0
27035,0,0
2300,0,1
10132,0,1
5405,0,0
11359,1,1
7934,1,0
10018,0,0
15440,0,0
14117,0,0
25123,0,0
19004,0,0
11014,0,0
12958,1,1
26672,0,0
20479,0,0
2501,0,0
14972,0,0
20787,0,0
24141,0,0
26901,0,0
12422,0,0
23999,1,0
24816,0,0
20844,0,0
18927,1,1
16488,0,0
167,0,0
26970,1,0
11097,0,0
13962,1,1
1644,1,1
14483,1,0
2414,1,0
16539,0,0
4525,0,0
14810,0,0
3612,0,0
25582,0,0
24710,1,0
16758,0,0
2760,0,0
13387,1,0
25461,0,0
21009,0,0
9683,0,0
3503,1,0
247,0,0
15593,1,1
25903,0,0
24573,1,0
17571,0,0
450,1,0
487,0,0
19294,0,0
16349,1,0
5260,1,1
27015,0,0
13486,0,0
16552,1,0
25186,0,0
8042,1,1
12023,0,0
27226,0,0
29280,0,0
20373,1,0
1063,0,0
4449,0,0
21522,0,0
1114,0,0
13710,0,0
29116,0,0
16572,0,0
22885,0,0
21234,0,0
14066,0,0
3001,0,0
15190,0,1
16728,0,0
6112,0,0
4480,0,0
21117,1,0
8494,0,1
17581,1,1
1662,0,0
26929,1,1
28705,0,0
5455,1,0
22636,0,0
23586,1,0
17628,1,0
26528,1,0
14795,0,0
15278,0,0
21554,0,0
10670,1,0
16249,0,0
9642,0,0
20299,0,0
21244,0,0
20344,0,0
22269,0,0
24966,1,1
3197,0,0
5548,0,0
13106,0,0
19801,1,1
9841,1,0
20986,1,1
5971,1,0
8136,0,0
11903,0,0
1371,0,0
23861,0,0
17256,1,1
1106,0,0
18882,0,0
4026,0,0
9568,1,0
16918,0,0
720,0,0
28754,0,0
13164,0,0
5532,0,0
7930,1,0
20838,1,1
15862,1,0
5383,1,0
26889,1,1
1086,1,0
25930,0,0
8819,0,0
20290,0,1
27478,0,0
29461,0,0
23080,0,0
26249,0,0
29087,0,0
12711,0,0
17979,0,0
16599,0,0
19691,0,0
7752,1,1
17465,0,0
12912,1,0
8714,0,0
17443,0,0
2145,0,0
16657,0,0
26299,0,0
25590,1,1
20487,0,0
25105,0,0
20451,0,0
11832,0,0
1311,0,1
28086,0,0
5601,0,0
3608,0,0
28085,0,0
21784,0,0
13876,0,0
4375,1,0
4128,0,0
9598,0,0
2639,0,0
4036,1,0
20582,0,0
24004,0,0
23069,0,0
18128,0,0
5466,1,1
3035,0,0
601,1,0
23129,0,0
25463,0,0
8124,1,1
25624,0,0
7514,0,0
11955,0,0
29989,0,0
5662,0,0
21426,0,0
6663,0,0
409,0,0
6847,0,0
6352,0,1
16914,1,1
3350,1,1
13524,0,0
4152,0,0
24018,0,0
24447,0,0
23261,0,0
22697,0,0
5513,0,0
5621,0,0
11807,1,0
14734,0,0
27786,0,0
18332,0,0
221,0,0
7417,0,0
14813,0,0
10297,0,0
28939,0,0
10369,1,1
25550,0,0
5172,0,0
23956,0,0
24181,0,0
380,0,0
9253,0,0
649,0,1
11764,0,0
13974,0,0
7456,0,0
23452,0,0
1822,0,0
27383,0,0
17281,1,0
11686,0,0
21107,1,1
2152,0,0
12135,0,0
16891,0,0
607,0,0
3589,1,1
6198,0,0
18429,1,1
21154,0,0
8846,1,1
14960,0,0
23770,0,0
7886,0,0
29721,0,0
9112,0,0
18314,0,1
22231,0,0
23122,0,0
23534,0,0
22730,0,0
3421,0,0
10354,1,1
11852,0,0
18087,0,0
4252,0,0
26294,1,0
15541,0,0
23280,0,0
7794,0,0
12483,0,0
22435,0,0
11237,0,0
15865,0,0
14402,1,0
7841,0,0
19304,0,0
14177,0,0
27546,0,0
6390,0,0
21362,0,1
9542,0,0
11603,0,0
7488,0,0
231,1,0
3272,0,0
26279,0,0
14891,1,1
4902,1,1
9559,1,0
7955,0,1
7070,1,0
13141,0,0
14049,1,0
75,0,0
21841,0,0
5770,1,0
1108,1,0
26004,1,0
7745,0,0
2209,0,0
8255,0,0
2386,0,0
748,1,0
16287,0,0
25670,0,0
17203,1,1
19683,1,0
7467,0,0
2359,0,0
1599,1,0
476,0,0
25194,0,0
21294,0,0
11715,1,0
15459,0,0
4048,1,0
8474,0,0
22722,0,0
9527,1,0
11611,0,0
259,1,1
27911,0,0
18137,0,0
24764,0,0
13405,1,0
11617,1,0
23831,0,0
3537,1,1
7821,1,0
10063,0,0
16883,0,0
13837,0,0
25893,0,0
9960,0,0
29700,1,0
2701,0,0
26467,0,0
8628,0,0
4455,0,0
20886,0,0
22807,0,0
18664,0,0
9020,0,0
6557,1,0
9787,1,1
17526,0,0
28244,0,0
11125,0,0
6308,0,0
2619,1,0
3504,0,0
27403,0,0
19425,0,0
8743,0,0
8231,0,0
16263,0,0
1796,0,0
15085,0,0
18535,0,0
12766,0,0
12296,1,0
12341,0,0
16773,0,0
28775,1,0
14433,0,0
4685,0,0
26743,0,0
12978,0,0
8304,0,0
27152,0,0
4097,0,0
5883,1,1
17184,0,0
2740,0,0
25546,0,0
9632,1,1
18150,0,0
27110,1,0
8170,0,0
12362,1,0
20523,1,1
17971,1,0
8518,0,0
20077,0,0
20728,0,0
6604,0,0
28192,0,0
13719,0,1
20092,0,0
14492,0,0
8617,0,0
2864,0,1
16255,0,0
20210,1,1
19791,1,0
25858,1,0
20211,0,0
8332,0,0
22969,0,0
10597,1,1
3988,0,0
20780,0,0
2350,0,0
5754,1,1
14602,0,0
22613,0,0
9629,0,0
6453,0,0
15097,0,0
18865,0,1
15380,0,0
20490,0,0
6965,0,0
4003,0,0
9329,0,0
3002,1,1
13912,0,0
16036,0,0
734,0,0
25252,1,1
17211,0,0
28925,1,0
6625,0,0
14936,1,0
19813,0,0
11828,0,0
27346,0,0
24189,0,0
5665,1,0
4982,0,0
12994,0,0
14585,1,0
10311,0,0
21148,0,0
20496,1,1
4471,0,0
6596,0,0
6241,0,0
11259,0,1
6120,1,1
22624,0,0
10042,1,1
25018,0,0
15139,1,0
1580,0,0
26481,0,0
1911,0,0
7217,1,0
91,0,0
15292,0,0
188,0,0
9362,0,0
10859,1,0
7024,0,0
5477,0,0
20160,0,0
18374,1,0
321,0,0
13549,0,0
4740,0,1
22287,0,0
4291,0,0
21043,0,0
14321,0,0
194,0,0
2830,0,0
11904,1,0
25666,0,0
14712,0,0
2516,0,0
27951,0,0
15516,1,0
12887,0,0
29154,1,1
7325,0,0
28430,0,0
756,0,0
7251,0,0
7759,0,0
29656,0,0
26424,0,0
1747,0,0
12531,0,0
20386,0,0
1052,0,0
19842,0,1
2444,0,0
25738,1,0
11048,0,0
28599,0,0
16777,0,0
24732,0,0
13614,0,0
20921,0,0
11145,0,0
7136,0,0
19427,0,0
20440,1,1
4793,0,0
29158,0,0
19979,0,0
10563,0,0
14323,0,0
4730,0,0
29500,1,1
13346,1,0
7487,0,0
18858,0,0
14161,1,0
10890,1,0
3753,0,0
9473,0,0
15610,0,0
10011,0,0
27024,0,1
1808,0,0
17962,0,0
5038,1,0
16420,0,0
4814,0,0
24235,0,0
4416,0,0
6872,0,0
23582,0,0
25573,0,0
20631,0,0
28113,0,0
22795,1,0
22110,0,0
22995,0,0
2937,0,0
17128,0,0
19922,1,0
5216,0,0
6594,0,0
18399,0,0
15904,0,0
12833,0,0
15324,1,0
17980,0,0
3884,1,0
19876,0,0
18089,0,0
10865,0,0
16752,0,0
2769,0,0
24154,1,1
6726,1,1
26451,0,0
11478,0,0
11131,1,0
8457,0,0
12102,0,0
7753,0,0
11655,0,0
11947,0,0
19088,0,0
24638,0,0
19368,0,0
27926,0,0
19386,0,0
14148,0,0
16107,1,1
14564,0,0
17112,0,0
24050,0,0
6206,0,0
11487,0,0
18737,1,0
18720,0,1
16024,0,0
26703,0,0
16361,0,0
11830,1,0
22340,0,0
14569,1,1
16096,0,0
3082,0,0
26625,0,0
15137,0,0
10950,0,0
18507,1,0
23318,1,0
17,0,0
9607,0,0
27428,1,0
27052,0,0
18085,0,1
24017,0,0
13693,0,0
17210,0,0
18937,0,0
2435,1,0
21913,1,1
18543,0,0
27986,0,0
9098,1,1
18370,1,1
1493,0,0
2008,1,0
14582,0,0
5222,0,0
5227,0,0
17712,1,1
26509,0,0
11592,0,0
12904,1,1
2269,0,0
17435,0,0
22968,0,0
16431,0,1
1801,0,0
10373,0,0
15189,1,0
8416,0,0
10056,0,0
9251,0,0
10256,0,0
6921,0,0
26244,0,0
10911,0,0
1303,1,1
21099,0,0
24182,0,0
12555,1,0
24097,0,0
2734,0,0
24779,0,0
19332,0,0
23689,0,0
2546,0,0
5114,0,0
20040,0,0
12107,1,0
27959,0,0
4560,1,0
2195,0,0
6742,0,0
1703,0,0
17103,0,0
1290,0,0
16189,0,0
28495,0,0
7516,0,0
25587,1,1
24810,1,0
26352,1,0
11011,0,0
25256,0,0
4678,0,0
24349,0,0
13049,1,0
16745,0,0
5908,0,0
12396,0,0
16067,0,0
396,0,0
5864,1,0
9737,0,0
6778,0,0
25284,0,0
18355,0,0
27684,0,0
4110,0,0
12522,0,0
15279,1,0
8980,0,0
27062,0,0
12148,0,0
1595,0,0
13835,0,0
27176,0,0
7916,0,1
25844,1,0
26291,0,0
6138,1,0
20198,0,0
26864,0,0
25921,1,0
20191,1,0
24831,0,0
11057,0,0
29064,0,1
7668,0,0
14173,0,0
482,0,0
772,0,0
11021,0,0
22976,0,0
29109,1,1
25786,1,0
7839,0,1
7602,1,0
27205,0,0
17684,0,0
29128,0,0
17738,1,0
13836,0,0
5098,0,0
26913,1,0
2232,0,0
24572,0,0
17192,0,0
18883,0,0
26893,0,0
29209,0,0
2784,1,0
19371,0,0
8769,0,0
3581,0,0
23859,0,0
7974,0,0
21840,0,1
2319,0,0
21373,0,0
6745,0,0
20509,0,0
1807,0,0
9736,0,0
12332,0,0
21385,0,0
7822,0,0
17676,0,1
9758,0,0
8151,0,0
26651,1,1
11428,0,0
21836,0,0
18289,0,0
27947,0,1
19970,0,1
23316,0,0
3399,1,0
27823,1,0
3919,0,0
26773,1,1
20152,0,0
12027,0,0
25174,1,0
3214,0,0
15624,1,0
24369,0,0
16822,0,1
11568,1,0
25293,0,0
28674,0,0
8135,0,0
11869,0,0
18391,0,0
24969,1,1
3181,0,0
3757,1,0
28377,0,0
22898,0,0
17242,0,0
8213,0,0
9069,1,0
13816,0,0
9154,0,0
13371,0,0
16443,0,0
3616,0,0
18911,0,0
3541,0,0
10439,1,0
11535,0,0
1743,0,0
13488,1,1
10149,1,0
4950,0,0
9535,0,0
1675,1,0
14105,0,0
119,0,0
24918,0,0
25635,0,0
5047,0,0
4119,0,0
16860,0,0
23438,0,0
3986,0,0
22811,0,0
25771,1,0
13684,0,0
10483,0,0
15827,0,0
5382,0,0
8672,0,0
20679,0,0
22932,0,0
8048,1,1
3142,0,0
13950,0,0
27963,1,0
520,0,0
385,0,0
12111,0,0
28356,0,0
27606,1,0
28370,0,0
7542,1,0
18578,0,0
12428,0,0
20222,0,0
2449,1,0
27983,1,0
7104,0,0
25437,0,0
438,0,0
27131,1,0
5929,0,0
168,0,0
26980,0,0
6355,0,0
3978,0,0
24609,0,0
21232,1,0
26760,0,0
3609,0,0
9353,0,0
9124,1,0
4696,0,0
24899,1,1
28183,0,0
24684,1,1
681,0,0
12639,0,0
28876,0,0
6014,1,0
8575,0,0
27194,0,0
2135,0,0
13366,0,0
7305,0,0
16411,0,0
29097,0,0
17559,0,0
15267,0,0
459,1,0
25568,0,0
6169,1,0
15741,0,0
4371,0,0
28056,0,0
8337,0,1
24437,0,0
12035,0,1
21897,0,0
13726,0,0
29835,0,0
14044,1,0
1201,0,0
21382,0,0
22406,0,0
13166,0,0
24663,1,0
13725,0,0
2662,0,0
18947,0,0
10282,0,0
1978,0,0
7241,0,0
12667,1,0
20800,0,0
20675,1,1
7302,0,0
17163,0,0
28588,0,0
8557,0,0
7891,0,0
11866,0,0
19244,0,0
1940,0,0
28180,0,0
2528,0,0
2420,0,1
8374,0,0
16015,0,0
4106,0,0
13781,0,0
10645,1,0
29367,0,0
12227,0,0
13758,0,0
5393,0,0
4194,0,0
1075,0,0
22319,0,0
17670,0,0
7555,1,1
17838,1,0
1397,0,0
29244,0,0
19349,0,0
17710,0,1
28479,0,0
23178,0,0
14495,0,0
10963,1,1
836,0,1
11056,1,0
24143,0,0
14293,1,0
17083,0,0
27976,0,0
2020,0,0
22117,0,0
18900,0,0
14395,0,0
24379,0,0
6918,0,0
23982,0,0
9534,0,0
15983,1,1
16828,0,0
27393,1,1
20650,0,0
26560,0,1
21704,0,0
133,0,0
1334,1,0
24055,0,0
6779,0,0
7,0,0
4705,0,0
6672,0,0
26461,0,0
18506,0,0
24561,0,0
10545,0,0
22535,0,0
29610,0,0
20226,0,0
4715,0,0
9426,0,0
5181,0,0
21614,0,0
23422,0,0
12524,0,1
12694,0,1
18112,0,0
4085,0,0
24040,0,0
25910,0,0
4293,0,0
25555,0,0
27183,0,0
4223,0,0
16741,0,0
23980,0,0
13462,0,0
19048,0,0
12829,1,0
7094,1,0
8856,1,1
5584,0,0
8282,0,0
23817,1,0
13361,0,0
5053,0,0
4068,1,0
24493,0,0
28392,0,0
964,0,0
17395,0,1
15297,0,0
25532,0,1
27941,0,0
13916,1,0
14580,0,0
22311,0,0
9299,0,0
25737,0,0
11798,0,0
20458,0,0
23153,0,0
20261,0,0
9618,0,0
13326,1,0
10125,0,0
2173,0,0
26816,0,0
27849,0,1
14068,0,0
15322,0,0
7223,0,0
8510,0,0
8054,0,0
23372,0,0
5048,1,1
7091,1,0
18288,0,0
9707,1,0
22120,0,0
28042,0,0
14118,0,0
14268,0,0
3438,0,0
103,1,0
26335,1,0
29529,0,0
24432,0,0
4211,0,0
27780,0,0
25106,0,0
19034,0,0
14938,0,0
828,0,0
9653,0,0
20907,0,0
23374,0,0
5211,0,0
15609,0,0
22289,1,0
27982,0,0
29712,0,0
19202,0,0
29149,0,1
2434,1,1
24545,0,0
23887,0,0
22411,1,0
7908,0,0
17366,0,0
11747,0,0
13069,0,0
15944,0,0
20078,0,0
26141,0,0
3366,0,0
16461,1,1
19571,0,0
21530,1,1
20965,0,0
17605,0,0
13059,0,1
10829,0,0
26368,0,0
8615,0,0
24916,1,0
26336,0,0
15311,0,0
14656,0,0
4879,1,0
12068,1,0
9089,1,1
4202,0,0
27744,0,0
25082,0,0
25474,0,0
8373,0,0
25902,0,0
18226,0,0
15466,0,1
13019,0,0
2030,0,0
19620,0,0
10175,0,0
6379,1,1
5174,0,0
28487,0,0
23581,1,1
12608,1,0
28182,1,0
13820,0,0
2225,1,0
21024,0,0
25277,0,0
22872,0,0
21818,1,0
29653,0,0
16649,1,1
14784,0,0
26793,0,0
19743,0,0
3328,0,0
11567,0,0
22060,0,1
19075,0,0
12860,0,0
12384,1,0
18962,0,0
29629,0,0
27438,0,0
4043,1,0
11680,0,0
16632,0,0
8900,0,0
20007,0,0
24667,0,0
478,0,0
22825,1,0
18568,0,0
3461,0,0
22883,0,0
26910,0,1
6091,0,0
14762,0,0
20140,1,1
15375,0,0
20115,0,0
22035,0,0
29354,1,0
25166,0,0
13924,0,0
7585,0,0
647,0,0
970,1,0
4258,0,0
15968,0,0
7698,0,0
20599,0,0
19358,0,1
20196,0,0
29775,0,0
22023,0,0
24695,0,0
22378,0,0
1009,0,0
7924,0,0
15446,0,0
4306,0,0
29837,0,0
4015,1,1
4101,0,0
14014,0,0
12094,0,0
18493,0,0
3226,0,0
326,1,0
14012,0,0
19986,0,0
26673,0,0
11928,0,0
4990,0,0
29455,0,0
10324,0,0
6612,0,0
9267,0,0
19849,0,0
2194,0,0
4745,0,1
23302,0,0
10549,1,0
29581,0,0
8867,1,1
28952,0,0
7090,0,0
25451,0,0
23860,0,0
21198,1,1
4774,1,1
25447,0,0
18871,0,0
15621,0,0
23240,0,0
28437,0,0
29023,0,0
20623,0,0
6399,1,1
5117,1,0
18398,0,0
23573,0,0
16305,1,0
16723,0,0
20378,0,0
17767,0,0
21489,0,0
17467,0,0
2748,1,0
13351,0,0
8403,0,0
24130,0,1
14475,0,0
1006,0,0
5561,1,0
21135,1,0
3942,0,0
26797,0,0
10823,0,0
20535,0,0
11195,0,0
18906,0,0
12825,0,0
7178,0,0
27382,0,0
11266,1,1
23235,1,0
134,0,0
26804,0,0
19313,0,0
19140,0,0
16591,0,0
3351,0,0
21332,0,0
3200,1,0
11598,0,0
13748,0,0
24110,0,0
10904,0,0
10356,0,0
6802,0,0
7739,0,0
22307,0,0
27335,0,0
29063,0,0
28064,0,0
316,0,0
146,1,0
9804,0,0
21265,0,0
14791,1,0
17782,0,0
25954,0,0
5803,0,0
10098,1,1
26671,0,0
9406,1,0
9295,1,0
9666,0,0
6341,0,1
16144,0,0
8604,0,0
25349,0,0
819,0,0
4463,0,0
10260,0,0
9658,0,0
3486,0,0
10557,0,0
25993,0,0
24891,0,0
8688,0,0
24252,1,1
14603,0,0
7220,0,0
3111,0,0
8517,0,0
18006,0,0
17984,0,0
8140,0,0
21078,0,0
19017,0,0
14197,0,0
2495,0,0
16606,0,0
14315,0,0
5940,0,0
8188,0,0
2505,0,0
23301,0,1
23530,0,0
23378,0,0
9163,0,0
23825,0,0
16113,0,0
13181,0,0
12900,1,0
22172,0,0
25297,0,0
21553,0,0
27053,1,1
15817,0,0
25759,0,0
21058,0,0
14865,1,0
11216,0,0
1011,0,0
15953,0,0
14061,0,0
17875,0,0
8643,0,0
1034,0,0
6887,0,0
2270,0,0
696,0,0
21298,0,0
11229,1,0
3704,1,0
12024,1,1
23801,0,0
1451,1,0
15397,0,0
9826,1,0
7497,0,0
2790,1,0
9125,0,0
3305,0,0
5516,0,1
18750,0,0
27375,1,0
12902,0,0
23163,0,0
13756,0,0
28030,1,0
27374,1,0
9739,0,0
10347,1,0
28124,0,0
25319,0,0
22659,0,0
12461,0,0
15555,1,1
1888,0,1
22154,0,0
22397,0,0
9849,0,0
5550,0,0
27273,1,0
19930,0,0
25381,1,1
5685,0,0
1413,0,0
20962,1,0
1562,0,0
7346,0,0
25818,0,0
4684,0,0
26579,0,1
8139,1,1
5259,0,0
29215,0,0
3623,1,0
12754,0,0
16095,0,0
24423,0,1
19737,0,1
180,0,0
17664,0,0
27828,0,0
18208,0,0
22242,0,0
13744,1,1
5589,0,0
469,0,0
29079,0,0
29533,0,0
2166,0,0
1027,0,0
11180,0,1
8570,0,0
1423,0,0
14861,1,1
18692,1,0
13321,0,0
6912,0,0
8393,0,0
18236,0,0
10228,0,0
29577,1,0
22952,0,0
13793,0,0
1192,1,0
26360,0,0
22661,0,0
23643,0,0
28279,0,0
5880,0,0
4157,0,0
2559,0,0
13365,0,0
22855,1,0
26135,0,0
17583,1,0
3734,0,0
13827,0,0
17390,0,0
18599,0,0
29556,1,1
22773,1,0
3860,0,0
5879,0,0
27069,0,0
22111,1,1
2604,0,0
22371,0,0
5102,0,0
13599,0,0
1297,0,0
13572,0,0
21203,1,1
635,0,0
9440,0,0
24811,0,0
11945,0,0
22863,0,0
7191,0,0
7474,1,1
29605,0,0
19350,1,1
21404,0,0
4859,0,0
15067,0,0
20135,0,0
12162,1,1
7438,0,0
11839,0,0
25023,0,0
11020,0,0
27531,0,0
7306,0,0
13220,0,0
4059,0,0
23898,1,1
15019,0,0
23382,0,0
3126,0,1
16358,0,0
11817,0,1
9645,0,0
8340,1,1
24537,0,0
29,0,0
18831,0,0
18747,0,0
15974,0,0
12864,0,0
21187,0,0
3362,0,0
11124,0,0
19980,0,0
9040,1,0
3668,0,0
10820,0,0
26700,1,0
4345,0,0
19504,0,0
2644,1,0
18280,0,0
29750,0,0
1869,1,1
25757,0,0
960,1,0
984,0,0
25063,1,0
6434,0,1
27551,0,0
29891,0,0
19319,1,0
24655,1,0
13000,1,0
26154,0,0
28928,0,0
13251,0,0
13416,0,0
15382,0,0
21156,0,0
28765,0,0
24010,0,0
16795,0,0
4387,1,1
7671,0,0
9149,0,0
13582,0,0
2981,0,0
3202,0,0
20228,0,0
25223,0,1
15631,0,0
14360,0,0
8477,0,0
1259,0,1
10463,0,0
8944,1,1
12513,0,0
5729,0,0
11746,0,0
11081,0,0
12933,0,0
15626,0,0
29331,0,0
15730,0,0
12093,0,1
10469,0,0
5194,0,0
4057,0,0
22094,1,1
9685,0,0
9159,0,0
28163,0,0
7161,1,0
20209,0,0
16430,0,0
16769,0,0
22374,1,0
22719,0,0
16951,0,0
14637,1,1
25014,1,0
1429,0,0
17620,0,0
12189,0,0
25640,0,0
26378,1,1
3502,0,0
5514,0,0
9870,1,1
27221,1,1
1563,0,0
21317,1,1
24365,0,0
6983,0,0
4400,0,0
8692,0,0
27892,0,0
12725,0,0
17527,0,0
28960,0,0
12291,0,0
28127,0,0
25564,0,0
1611,0,0
27931,0,0
15697,0,0
8344,0,0
15071,1,0
18116,1,1
10742,0,0
8119,0,0
24066,0,0
14428,1,1
16736,0,0
9273,0,0
12517,0,0
17403,0,0
1514,0,0
9753,0,0
20941,0,0
4010,0,0
18552,1,0
139,0,0
29540,1,0
10316,1,0
26828,0,0
12535,0,0
19973,0,0
29221,0,0
2254,0,0
17394,0,0
18940,0,0
26978,0,1
23699,0,0
6504,0,0
23998,0,0
25625,0,0
8880,0,0
19346,1,0
3418,0,1
5687,0,0
27971,1,0
20415,0,0
25572,1,0
17239,1,1
21297,0,0
13082,1,0
4824,0,0
3686,0,1
7757,0,0
19833,0,0
10193,0,0
20465,0,0
2290,0,0
4472,1,0
5478,0,0
19207,0,0
17311,1,0
24923,0,0
10624,1,0
27338,0,0
27904,0,0
4153,0,0
29324,0,0
208,1,0
29620,0,0
12795,0,0
15684,0,0
23057,0,0
2605,0,0
14143,1,1
2587,0,0
6662,1,0
18494,0,0
13408,0,0
16162,1,1
28748,1,1
11038,0,0
22460,0,0
24671,0,0
13267,0,0
27201,0,0
2870,0,0
21434,0,0
7571,0,0
22442,1,0
10290,0,0
27022,0,0
20912,0,0
21047,0,0
2905,0,0
22946,1,0
2702,0,0
6072,1,0
24137,0,0
22675,0,0
2351,0,0
12361,0,1
11642,0,0
16492,0,0
12114,0,0
1751,1,1
2299,0,0
14272,1,0
5775,0,0
14185,0,0
7628,1,1
12022,0,0
17477,1,1
15376,0,0
16922,1,0
24551,1,0
1640,0,0
15443,1,0
24368,0,0
15550,0,1
2492,0,0
24607,0,1
5317,1,0
22494,1,1
16985,0,0
28620,0,0
12784,1,0
29879,0,0
6720,0,0
6280,0,0
22354,0,0
17097,0,0
20090,1,0
20807,1,0
20971,0,0
20948,0,0
19339,0,0
19752,1,0
26686,0,1
5032,0,0
26515,0,0
3110,0,0
17679,0,0
13981,0,0
23653,0,0
25618,0,0
11809,0,0
22322,0,0
6803,0,0
23107,0,0
25675,0,0
6442,0,0
24835,0,0
25353,0,0
29920,1,0
2210,0,0
14144,1,1
23108,0,0
25703,0,0
29171,0,0
